name,age,gender,company,email,phone,id
Carly Trevino,30,female,SIGNIDYNE,carlytrevino@signidyne.com,+1 (985) 416-2665,
Chris Calhoun,37,female,ENTOGROK,chriscalhoun@entogrok.com,+1 (998) 577-2164,
Gill Kirk,40,male,ZIDANT,gillkirk@zidant.com,+1 (817) 443-2512,
Sue Good,22,female,KINDALOO,suegood@kindaloo.com,+1 (840) 411-3488,
Jerry Owen,31,female,ROUGHIES,jerryowen@roughies.com,+1 (921) 530-3247,
Small Moran,34,male,ZIORE,smallmoran@ziore.com,+1 (854) 563-3055,
Mitchell Melton,26,male,ZILLACON,mitchellmelton@zillacon.com,+1 (800) 446-2220,
Eloise Lawson,26,female,ZOINAGE,eloiselawson@zoinage.com,+1 (975) 454-2606,
Rivas Hammond,28,male,TOYLETRY,rivashammond@toyletry.com,+1 (965) 415-3132,
Molina Reid,38,male,PYRAMIA,molinareid@pyramia.com,+1 (853) 558-2331,
Desiree Reyes,20,female,CENTREXIN,desireereyes@centrexin.com,+1 (885) 443-3479,
Kaitlin Tucker,31,female,MEDIOT,kaitlintucker@mediot.com,+1 (948) 565-3182,
Callie Schroeder,31,female,XLEEN,callieschroeder@xleen.com,+1 (856) 495-2467,
Potter Sawyer,34,male,MULTIFLEX,pottersawyer@multiflex.com,+1 (941) 482-3493,
Booth Michael,28,male,PURIA,boothmichael@puria.com,+1 (925) 443-2513,
Shannon Shaffer,24,male,MANUFACT,shannonshaffer@manufact.com,+1 (947) 450-3605,
Velma James,30,female,PHARMEX,velmajames@pharmex.com,+1 (915) 535-2899,
Bauer Flowers,31,male,RADIANTIX,bauerflowers@radiantix.com,+1 (840) 558-2724,
Bonner Kaufman,27,male,NETPLODE,bonnerkaufman@netplode.com,+1 (959) 465-2636,
Johanna Rojas,24,female,UNCORP,johannarojas@uncorp.com,+1 (949) 403-2352,
Bertie Ellison,34,female,ASSITIA,bertieellison@assitia.com,+1 (989) 537-2718,
Christian Lucas,40,male,FLEXIGEN,christianlucas@flexigen.com,+1 (977) 483-2093,
Oliver Lynch,31,male,COMVOY,oliverlynch@comvoy.com,+1 (938) 582-2955,
Vance Bentley,28,male,CALLFLEX,vancebentley@callflex.com,+1 (933) 585-3312,
Regina Mcmillan,34,female,XYQAG,reginamcmillan@xyqag.com,+1 (898) 485-2376,
Kathrine Britt,35,female,QUILITY,kathrinebritt@quility.com,+1 (838) 592-2878,
Reva Randall,22,female,ORBEAN,revarandall@orbean.com,+1 (928) 495-2547,
Isabelle Powers,26,female,ECLIPSENT,isabellepowers@eclipsent.com,+1 (912) 498-3320,
Morton Sanford,25,male,CORECOM,mortonsanford@corecom.com,+1 (880) 522-2810,
Berger Hardy,35,male,KYAGORO,bergerhardy@kyagoro.com,+1 (859) 430-3519,
